"setpoint_db","freq_hz:measured_gain_db"
-81.000000,1809887695.312500:-45.212059;1819885253.906250:-42.834317;1829882812.500000:-40.018512;1839880371.093750:-36.909789;1849877929.687500:-33.662998;1859875488.281250:-30.457905;1869873046.875000:-27.421777;1879870605.468750:-24.678850;1889868164.062500:-22.336978;1899865722.656250:-20.465781;1909863281.250000:-19.076729;1919860839.843750:-18.125215;1929858398.437500:-17.538618;1939855957.031250:-17.244037;1949853515.625000:-17.166814;1959851074.218750:-17.213196;1969848632.812500:-17.282268;1979846191.406250:-17.308406;1989843750.000000:-17.291521;1999841308.593750:-17.284090;2009838867.187500:-17.346699;2019836425.781250:-17.500302;2029833984.375000:-17.707100;2039831542.968750:-17.894961;2049829101.562500:-18.006329;2059826660.156250:-18.030753;2069824218.750000:-17.998309;2079821777.343750:-17.946279;2089819335.937500:-17.891790;2099816894.531250:-17.826837;2109814453.125000:-17.738450;2119812011.718750:-17.628903;2129809570.312500:-17.517555;2139807128.906250:-17.432032;2149804687.500000:-17.400341;2159802246.093750:-17.439404;2169799804.687500:-17.539418;2179797363.281250:-17.657628;2189794921.875000:-17.740094;2199792480.468750:-17.754721;2209790039.062500:-17.688275;2219787597.656250:-17.538732;2229785156.250000:-17.330944;2239782714.843750:-17.117397;2249780273.437500:-16.942913;2259777832.031250:-16.825324;2269775390.625000:-16.765791;2279772949.218750:-16.755044;2289770507.812500:-16.775923;2299768066.406250:-16.818401;2309765625.000000:-16.878584;2319763183.593750:-16.953707;2329760742.187500:-17.043268;2339758300.781250:-17.146285;2349755859.375000:-17.244494;2359753417.968750:-17.300500;2369750976.562500:-17.289036;2379748535.156250:-17.237359;2389746093.750000:-17.221731;2399743652.343750:-17.316046;2409741210.937500:-17.544281;2419738769.531250:-17.875784;2429736328.125000:-18.246810;2439733886.718750:-18.593218;2449731445.312500:-18.891919;2459729003.906250:-19.187720;2469726562.500000:-19.560632;2479724121.093750:-20.049882;2489721679.687500:-20.600599;2499719238.281250:-21.080630;2509716796.875000:-21.365529;2519714355.468750:-21.439030;2529711914.062500:-21.423604;2539709472.656250:-21.506060;2549707031.250000:-21.826033;2559704589.843750:-22.407525;2569702148.437500:-23.153439;2579699707.031250:-23.889826;2589697265.625000:-24.461487;2599694824.218750:-24.841435;2609692382.812500:-25.168716
-78.000000,1809887695.312500:-42.165468;1819885253.906250:-39.950824;1829882812.500000:-37.176896;1839880371.093750:-34.061781;1849877929.687500:-30.792563;1859875488.281250:-27.576606;1869873046.875000:-24.528295;1879870605.468750:-21.764341;1889868164.062500:-19.394300;1899865722.656250:-17.496778;1909863281.250000:-16.092247;1919860839.843750:-15.138928;1929858398.437500:-14.559351;1939855957.031250:-14.270982;1949853515.625000:-14.190637;1959851074.218750:-14.222076;1969848632.812500:-14.269866;1979846191.406250:-14.277112;1989843750.000000:-14.249120;1999841308.593750:-14.237495;2009838867.187500:-14.297974;2019836425.781250:-14.449023;2029833984.375000:-14.655680;2039831542.968750:-14.851295;2049829101.562500:-14.981885;2059826660.156250:-15.034925;2069824218.750000:-15.033047;2079821777.343750:-15.003833;2089819335.937500:-14.958171;2099816894.531250:-14.889336;2109814453.125000:-14.789600;2119812011.718750:-14.665790;2129809570.312500:-14.540165;2139807128.906250:-14.441516;2149804687.500000:-14.396027;2159802246.093750:-14.416215;2169799804.687500:-14.491165;2179797363.281250:-14.585483;2189794921.875000:-14.656728;2199792480.468750:-14.678841;2209790039.062500:-14.634549;2219787597.656250:-14.513722;2229785156.250000:-14.336376;2239782714.843750:-14.157795;2249780273.437500:-14.030365;2259777832.031250:-13.972284;2269775390.625000:-13.972605;2279772949.218750:-14.005755;2289770507.812500:-14.043309;2299768066.406250:-14.071673;2309765625.000000:-14.091902;2319763183.593750:-14.116165;2329760742.187500:-14.162780;2339758300.781250:-14.245962;2349755859.375000:-14.354679;2359753417.968750:-14.447932;2369750976.562500:-14.487472;2379748535.156250:-14.482180;2389746093.750000:-14.491887;2399743652.343750:-14.584831;2409741210.937500:-14.794643;2419738769.531250:-15.109933;2429736328.125000:-15.481781;2439733886.718750:-15.847000;2449731445.312500:-16.168382;2459729003.906250:-16.466951;2469726562.500000:-16.804500;2479724121.093750:-17.222625;2489721679.687500:-17.691901;2499719238.281250:-18.114506;2509716796.875000:-18.387809;2519714355.468750:-18.492025;2529711914.062500:-18.526633;2539709472.656250:-18.656293;2549707031.250000:-19.011402;2559704589.843750:-19.614515;2569702148.437500:-20.369694;2579699707.031250:-21.111170;2589697265.625000:-21.701153;2599694824.218750:-22.127681;2609692382.812500:-22.529324
-75.000000,1809887695.312500:-40.177602;1819885253.906250:-37.246736;1829882812.500000:-34.120943;1839880371.093750:-30.845146;1849877929.687500:-27.509300;1859875488.281250:-24.225688;1869873046.875000:-21.115038;1879870605.468750:-18.305236;1889868164.062500:-15.915901;1899865722.656250:-14.025663;1909863281.250000:-12.644509;1919860839.843750:-11.717423;1929858398.437500:-11.159840;1939855957.031250:-10.888680;1949853515.625000:-10.822307;1959851074.218750:-10.865059;1969848632.812500:-10.920931;1979846191.406250:-10.934610;1989843750.000000:-10.914780;1999841308.593750:-10.915407;2009838867.187500:-10.992718;2019836425.781250:-11.163830;2029833984.375000:-11.392212;2039831542.968750:-11.610028;2049829101.562500:-11.762081;2059826660.156250:-11.834412;2069824218.750000:-11.849036;2079821777.343750:-11.836348;2089819335.937500:-11.812786;2099816894.531250:-11.776689;2109814453.125000:-11.721006;2119812011.718750:-11.645845;2129809570.312500:-11.562649;2139807128.906250:-11.492098;2149804687.500000:-11.460189;2159802246.093750:-11.486292;2169799804.687500:-11.567192;2179797363.281250:-11.672418;2189794921.875000:-11.760175;2199792480.468750:-11.801728;2209790039.062500:-11.776985;2219787597.656250:-11.673782;2229785156.250000:-11.512966;2239782714.843750:-11.356172;2249780273.437500:-11.263604;2259777832.031250:-11.252083;2269775390.625000:-11.298666;2279772949.218750:-11.367649;2289770507.812500:-11.428020;2299768066.406250:-11.465808;2309765625.000000:-11.480653;2319763183.593750:-11.485284;2329760742.187500:-11.504158;2339758300.781250:-11.560425;2349755859.375000:-11.650604;2359753417.968750:-11.737449;2369750976.562500:-11.779861;2379748535.156250:-11.776933;2389746093.750000:-11.778121;2399743652.343750:-11.850153;2409741210.937500:-12.033563;2419738769.531250:-12.323530;2429736328.125000:-12.674566;2439733886.718750:-13.026079;2449731445.312500:-13.340825;2459729003.906250:-13.630919;2469726562.500000:-13.940709;2479724121.093750:-14.299087;2489721679.687500:-14.682864;2499719238.281250:-15.020825;2509716796.875000:-15.240738;2519714355.468750:-15.334088;2529711914.062500:-15.386272;2539709472.656250:-15.538702;2549707031.250000:-15.908991;2559704589.843750:-16.519735;2569702148.437500:-17.278543;2579699707.031250:-18.024010;2589697265.625000:-18.623659;2599694824.218750:-19.069124;2609692382.812500:-19.500651
-72.000000,1809887695.312500:-36.866941;1819885253.906250:-34.173416;1829882812.500000:-31.137551;1839880371.093750:-27.880029;1849877929.687500:-24.531859;1859875488.281250:-21.245921;1869873046.875000:-18.140370;1879870605.468750:-15.339841;1889868164.062500:-12.958168;1899865722.656250:-11.067914;1909863281.250000:-9.678383;1919860839.843750:-8.740334;1929858398.437500:-8.174450;1939855957.031250:-7.897936;1949853515.625000:-7.826351;1959851074.218750:-7.861966;1969848632.812500:-7.910144;1979846191.406250:-7.917724;1989843750.000000:-7.893559;1999841308.593750:-7.889938;2009838867.187500:-7.961105;2019836425.781250:-8.123349;2029833984.375000:-8.341030;2039831542.968750:-8.549757;2049829101.562500:-8.699376;2059826660.156250:-8.780461;2069824218.750000:-8.816466;2079821777.343750:-8.833610;2089819335.937500:-8.839680;2099816894.531250:-8.822861;2109814453.125000:-8.769481;2119812011.718750:-8.681326;2129809570.312500:-8.577465;2139807128.906250:-8.485199;2149804687.500000:-8.432060;2159802246.093750:-8.437118;2169799804.687500:-8.500356;2179797363.281250:-8.599002;2189794921.875000:-8.697361;2199792480.468750:-8.763232;2209790039.062500:-8.765126;2219787597.656250:-8.682356;2229785156.250000:-8.537731;2239782714.843750:-8.403023;2249780273.437500:-8.343637;2259777832.031250:-8.368181;2269775390.625000:-8.440727;2279772949.218750:-8.520413;2289770507.812500:-8.577638;2299768066.406250:-8.599851;2309765625.000000:-8.592332;2319763183.593750:-8.580944;2329760742.187500:-8.600641;2339758300.781250:-8.672742;2349755859.375000:-8.784544;2359753417.968750:-8.891729;2369750976.562500:-8.951406;2379748535.156250:-8.961750;2389746093.750000:-8.970127;2399743652.343750:-9.041526;2409741210.937500:-9.218170;2419738769.531250:-9.501342;2429736328.125000:-9.854806;2439733886.718750:-10.225315;2449731445.312500:-10.573726;2459729003.906250:-10.898536;2469726562.500000:-11.228305;2479724121.093750:-11.585304;2489721679.687500:-11.952364;2499719238.281250:-12.271579;2509716796.875000:-12.481717;2519714355.468750:-12.576498;2529711914.062500:-12.635146;2539709472.656250:-12.791961;2549707031.250000:-13.161899;2559704589.843750:-13.770028;2569702148.437500:-14.528049;2579699707.031250:-15.276003;2589697265.625000:-15.879038;2599694824.218750:-16.326700;2609692382.812500:-16.762317
-69.000000,1809887695.312500:-32.847986;1819885253.906250:-30.966629;1829882812.500000:-28.365140;1839880371.093750:-25.320479;1849877929.687500:-22.060293;1859875488.281250:-18.840311;1869873046.875000:-15.792463;1879870605.468750:-13.044062;1889868164.062500:-10.700711;1899865722.656250:-8.829573;1909863281.250000:-7.444895;1919860839.843750:-6.509241;1929858398.437500:-5.953344;1939855957.031250:-5.698216;1949853515.625000:-5.657326;1959851074.218750:-5.727683;1969848632.812500:-5.808474;1979846191.406250:-5.842565;1989843750.000000:-5.839711;1999841308.593750:-5.855668;2009838867.187500:-5.945607;2019836425.781250:-6.123765;2029833984.375000:-6.351744;2039831542.968750:-6.563314;2049829101.562500:-6.708728;2059826660.156250:-6.784014;2069824218.750000:-6.823183;2079821777.343750:-6.862186;2089819335.937500:-6.910899;2099816894.531250:-6.949158;2109814453.125000:-6.947699;2119812011.718750:-6.892851;2129809570.312500:-6.796247;2139807128.906250:-6.690010;2149804687.500000:-6.616012;2159802246.093750:-6.609044;2169799804.687500:-6.679230;2179797363.281250:-6.801591;2189794921.875000:-6.932689;2199792480.468750:-7.041767;2209790039.062500:-7.108977;2219787597.656250:-7.119491;2229785156.250000:-7.081595;2239782714.843750:-7.031876;2249780273.437500:-7.001472;2259777832.031250:-6.996476;2269775390.625000:-7.011082;2279772949.218750:-7.033156;2289770507.812500:-7.043400;2299768066.406250:-7.032437;2309765625.000000:-7.006448;2319763183.593750:-6.986442;2329760742.187500:-7.006165;2339758300.781250:-7.098234;2349755859.375000:-7.259639;2359753417.968750:-7.436181;2369750976.562500:-7.554852;2379748535.156250:-7.585032;2389746093.750000:-7.568817;2399743652.343750:-7.590001;2409741210.937500:-7.714134;2419738769.531250:-7.958854;2429736328.125000:-8.302376;2439733886.718750:-8.704302;2449731445.312500:-9.123789;2459729003.906250:-9.539756;2469726562.500000:-9.954460;2479724121.093750:-10.371280;2489721679.687500:-10.767601;2499719238.281250:-11.091633;2509716796.875000:-11.290948;2519714355.468750:-11.361216;2529711914.062500:-11.378856;2539709472.656250:-11.482920;2549707031.250000:-11.803222;2559704589.843750:-12.374863;2569702148.437500:-13.105629;2579699707.031250:-13.827685;2589697265.625000:-14.409407;2599694824.218750:-14.850155;2609692382.812500:-15.291736
-66.000000,1809887695.312500:-31.594797;1819885253.906250:-28.740211;1829882812.500000:-25.664906;1839880371.093750:-22.424762;1849877929.687500:-19.122258;1859875488.281250:-15.878745;1869873046.875000:-12.814720;1879870605.468750:-10.046511;1889868164.062500:-7.677105;1899865722.656250:-5.779853;1909863281.250000:-4.377608;1919860839.843750:-3.435724;1929858398.437500:-2.880607;1939855957.031250:-2.624931;1949853515.625000:-2.575151;1959851074.218750:-2.627168;1969848632.812500:-2.685180;1979846191.406250:-2.699305;1989843750.000000:-2.683558;1999841308.593750:-2.693161;2009838867.187500:-2.780259;2019836425.781250:-2.957052;2029833984.375000:-3.187043;2039831542.968750:-3.408237;2049829101.562500:-3.573599;2059826660.156250:-3.676543;2069824218.750000:-3.742454;2079821777.343750:-3.797962;2089819335.937500:-3.848580;2099816894.531250:-3.876890;2109814453.125000:-3.859973;2119812011.718750:-3.789550;2129809570.312500:-3.681280;2139807128.906250:-3.569390;2149804687.500000:-3.493511;2159802246.093750:-3.481399;2169799804.687500:-3.536688;2179797363.281250:-3.638041;2189794921.875000:-3.752873;2199792480.468750:-3.856490;2209790039.062500:-3.924944;2219787597.656250:-3.936500;2229785156.250000:-3.897432;2239782714.843750:-3.848556;2249780273.437500:-3.831341;2259777832.031250:-3.859995;2269775390.625000:-3.922733;2279772949.218750:-3.990960;2289770507.812500:-4.032154;2299768066.406250:-4.034957;2309765625.000000:-4.011726;2319763183.593750:-3.991630;2329760742.187500:-4.013321;2339758300.781250:-4.109766;2349755859.375000:-4.276909;2359753417.968750:-4.460808;2369750976.562500:-4.592776;2379748535.156250:-4.648044;2389746093.750000:-4.666039;2399743652.343750:-4.716620;2409741210.937500:-4.851940;2419738769.531250:-5.088557;2429736328.125000:-5.414187;2439733886.718750:-5.799007;2449731445.312500:-6.207728;2459729003.906250:-6.618706;2469726562.500000:-7.030169;2479724121.093750:-7.441532;2489721679.687500:-7.828522;2499719238.281250:-8.140735;2509716796.875000:-8.329732;2519714355.468750:-8.395358;2529711914.062500:-8.415376;2539709472.656250:-8.525741;2549707031.250000:-8.852125;2559704589.843750:-9.427095;2569702148.437500:-10.157321;2579699707.031250:-10.876366;2589697265.625000:-11.458908;2599694824.218750:-11.914090;2609692382.812500:-12.389934
-63.000000,1809887695.312500:-28.587792;1819885253.906250:-25.657554;1829882812.500000:-22.518329;1839880371.093750:-19.218143;1849877929.687500:-15.854493;1859875488.281250:-12.548174;1869873046.875000:-9.426622;1879870605.468750:-6.617239;1889868164.062500:-4.232789;1899865722.656250:-2.346188;1909863281.250000:-0.969490;1919860839.843750:-0.055319;1929858398.437500:0.476958;1939855957.031250:0.715794;1949853515.625000:0.754183;1959851074.218750:0.695969;1969848632.812500:0.635879;1979846191.406250:0.621135;1989843750.000000:0.635002;1999841308.593750:0.621391;2009838867.187500:0.528097;2019836425.781250:0.342371;2029833984.375000:0.100193;2039831542.968750:-0.135575;2049829101.562500:-0.314669;2059826660.156250:-0.426074;2069824218.750000:-0.492907;2079821777.343750:-0.543524;2089819335.937500:-0.589616;2099816894.531250:-0.622915;2109814453.125000:-0.627666;2119812011.718750:-0.595089;2129809570.312500:-0.532635;2139807128.906250:-0.464961;2149804687.500000:-0.425752;2159802246.093750:-0.440710;2169799804.687500:-0.512411;2179797363.281250:-0.617856;2189794921.875000:-0.724007;2199792480.468750:-0.808798;2209790039.062500:-0.854114;2219787597.656250:-0.845006;2229785156.250000:-0.793713;2239782714.843750:-0.748690;2249780273.437500:-0.758264;2259777832.031250:-0.834486;2269775390.625000:-0.953129;2279772949.218750:-1.072588;2289770507.812500:-1.153030;2299768066.406250:-1.177739;2309765625.000000:-1.154979;2319763183.593750:-1.115168;2329760742.187500:-1.103432;2339758300.781250:-1.162043;2349755859.375000:-1.297298;2359753417.968750:-1.464647;2369750976.562500:-1.598813;2379748535.156250:-1.667886;2389746093.750000:-1.697361;2399743652.343750:-1.746879;2409741210.937500:-1.870345;2419738769.531250:-2.091889;2429736328.125000:-2.400048;2439733886.718750:-2.759121;2449731445.312500:-3.129858;2459729003.906250:-3.491466;2469726562.500000:-3.844724;2479724121.093750:-4.193496;2489721679.687500:-4.523064;2499719238.281250:-4.795482;2509716796.875000:-4.972634;2519714355.468750:-5.055886;2529711914.062500:-5.112454;2539709472.656250:-5.261026;2549707031.250000:-5.613028;2559704589.843750:-6.197569;2569702148.437500:-6.927918;2579699707.031250:-7.648207;2589697265.625000:-8.240328;2599694824.218750:-8.712263;2609692382.812500:-9.207313
-60.000000,1809887695.312500:-25.688705;1819885253.906250:-22.703384;1829882812.500000:-19.521184;1839880371.093750:-16.191434;1849877929.687500:-12.812044;1859875488.281250:-9.501912;1869873046.875000:-6.385778;1879870605.468750:-3.587801;1889868164.062500:-1.214697;1899865722.656250:0.668163;1909863281.250000:2.051499;1919860839.843750:2.978008;1929858398.437500:3.522471;1939855957.031250:3.771885;1949853515.625000:3.820068;1959851074.218750:3.771035;1969848632.812500:3.718344;1979846191.406250:3.708575;1989843750.000000:3.726439;1999841308.593750:3.717851;2009838867.187500:3.631595;2019836425.781250:3.455164;2029833984.375000:3.224431;2039831542.968750:3.000527;2049829101.562500:2.828728;2059826660.156250:2.714094;2069824218.750000:2.630895;2079821777.343750:2.554280;2089819335.937500:2.481520;2099816894.531250:2.430845;2109814453.125000:2.423196;2119812011.718750:2.464657;2129809570.312500:2.541231;2139807128.906250:2.624926;2149804687.500000:2.681724;2159802246.093750:2.683789;2169799804.687500:2.622889;2179797363.281250:2.515701;2189794921.875000:2.393993;2199792480.468750:2.286425;2209790039.062500:2.222073;2219787597.656250:2.223348;2229785156.250000:2.275003;2239782714.843750:2.316848;2249780273.437500:2.292019;2259777832.031250:2.193076;2269775390.625000:2.054597;2279772949.218750:1.921312;2289770507.812500:1.831119;2299768066.406250:1.801311;2309765625.000000:1.824533;2319763183.593750:1.866285;2329760742.187500:1.875991;2339758300.781250:1.812770;2349755859.375000:1.675556;2359753417.968750:1.510513;2369750976.562500:1.380194;2379748535.156250:1.314083;2389746093.750000:1.285144;2399743652.343750:1.230480;2409741210.937500:1.094482;2419738769.531250:0.855916;2429736328.125000:0.531484;2439733886.718750:0.160821;2449731445.312500:-0.217396;2459729003.906250:-0.585292;2469726562.500000:-0.944987;2479724121.093750:-1.297983;2489721679.687500:-1.625629;2499719238.281250:-1.889800;2509716796.875000:-2.056148;2519714355.468750:-2.131559;2529711914.062500:-2.186665;2539709472.656250:-2.340333;2549707031.250000:-2.703929;2559704589.843750:-3.306372;2569702148.437500:-4.058020;2579699707.031250:-4.795758;2589697265.625000:-5.392277;2599694824.218750:-5.852976;2609692382.812500:-6.329782
-57.000000,1809887695.312500:-21.308017;1819885253.906250:-19.129525;1829882812.500000:-16.380959;1839880371.093750:-13.268319;1849877929.687500:-9.986125;1859875488.281250:-6.751636;1869873046.875000:-3.693764;1879870605.468750:-0.935645;1889868164.062500:1.418415;1899865722.656250:3.298495;1909863281.250000:4.685903;1919860839.843750:5.615651;1929858398.437500:6.158037;1939855957.031250:6.396335;1949853515.625000:6.422542;1959851074.218750:6.343350;1969848632.812500:6.259941;1979846191.406250:6.226161;1989843750.000000:6.227996;1999841308.593750:6.206936;2009838867.187500:6.107807;2019836425.781250:5.918563;2029833984.375000:5.679235;2039831542.968750:5.456081;2049829101.562500:5.297109;2059826660.156250:5.203233;2069824218.750000:5.137462;2079821777.343750:5.062241;2089819335.937500:4.968560;2099816894.531250:4.879221;2109814453.125000:4.828300;2119812011.718750:4.836082;2129809570.312500:4.896763;2139807128.906250:4.981092;2149804687.500000:5.045722;2159802246.093750:5.050983;2169799804.687500:4.980817;2179797363.281250:4.854605;2189794921.875000:4.711363;2199792480.468750:4.578712;2209790039.062500:4.475499;2219787597.656250:4.416810;2229785156.250000:4.394697;2239782714.843750:4.374549;2249780273.437500:4.330278;2259777832.031250:4.262454;2269775390.625000:4.182093;2279772949.218750:4.105184;2289770507.812500:4.056137;2299768066.406250:4.049099;2309765625.000000:4.078760;2319763183.593750:4.119847;2329760742.187500:4.129338;2339758300.781250:4.061551;2349755859.375000:3.905500;2359753417.968750:3.707835;2369750976.562500:3.548251;2379748535.156250:3.477716;2389746093.750000:3.475653;2399743652.343750:3.466352;2409741210.937500:3.377199;2419738769.531250:3.176297;2429736328.125000:2.868604;2439733886.718750:2.478659;2449731445.312500:2.040983;2459729003.906250:1.588737;2469726562.500000:1.145956;2479724121.093750:0.732728;2489721679.687500:0.376474;2499719238.281250:0.111651;2509716796.875000:-0.036068;2519714355.468750:-0.078740;2529711914.062500:-0.088727;2539709472.656250:-0.191416;2549707031.250000:-0.508943;2559704589.843750:-1.075303;2569702148.437500:-1.796013;2579699707.031250:-2.499657;2589697265.625000:-3.056815;2599694824.218750:-3.477174;2609692382.812500:-3.913940
-54.000000,1809887695.312500:-19.513128;1819885253.906250:-16.654171;1829882812.500000:-13.573375;1839880371.093750:-10.326449;1849877929.687500:-7.016857;1859875488.281250:-3.766563;1869873046.875000:-0.694982;1879870605.468750:2.082188;1889868164.062500:4.460763;1899865722.656250:6.364950;1909863281.250000:7.768693;1919860839.843750:8.704080;1929858398.437500:9.245174;1939855957.031250:9.483369;1949853515.625000:9.518064;1959851074.218750:9.457584;1969848632.812500:9.397916;1979846191.406250:9.385689;1989843750.000000:9.402198;1999841308.593750:9.389186;2009838867.187500:9.294422;2019836425.781250:9.107399;2029833984.375000:8.866400;2039831542.968750:8.633746;2049829101.562500:8.455117;2059826660.156250:8.334338;2069824218.750000:8.243063;2079821777.343750:8.153823;2089819335.937500:8.062156;2099816894.531250:7.987668;2109814453.125000:7.957131;2119812011.718750:7.984365;2129809570.312500:8.059098;2139807128.906250:8.148668;2149804687.500000:8.211071;2159802246.093750:8.214539;2169799804.687500:8.151485;2179797363.281250:8.039784;2189794921.875000:7.908786;2199792480.468750:7.781521;2209790039.062500:7.681593;2219787597.656250:7.630279;2229785156.250000:7.620848;2239782714.843750:7.613564;2249780273.437500:7.571254;2259777832.031250:7.484438;2269775390.625000:7.367598;2279772949.218750:7.251874;2289770507.812500:7.173799;2299768066.406250:7.148876;2309765625.000000:7.165551;2319763183.593750:7.191860;2329760742.187500:7.182973;2339758300.781250:7.097114;2349755859.375000:6.929209;2359753417.968750:6.727984;2369750976.562500:6.566324;2379748535.156250:6.482744;2389746093.750000:6.452188;2399743652.343750:6.411176;2409741210.937500:6.304363;2419738769.531250:6.106454;2429736328.125000:5.817025;2439733886.718750:5.450790;2449731445.312500:5.033769;2459729003.906250:4.593624;2469726562.500000:4.153087;2479724121.093750:3.735502;2489721679.687500:3.373685;2499719238.281250:3.107291;2509716796.875000:2.963370;2519714355.468750:2.926834;2529711914.062500:2.921262;2539709472.656250:2.820285;2549707031.250000:2.503330;2559704589.843750:1.937476;2569702148.437500:1.217615;2579699707.031250:0.514814;2589697265.625000:-0.044983;2599694824.218750:-0.477370;2609692382.812500:-0.940109
-51.000000,1809887695.312500:-15.854193;1819885253.906250:-13.275548;1829882812.500000:-10.289265;1839880371.093750:-7.035899;1849877929.687500:-3.667632;1859875488.281250:-0.359858;1869873046.875000:2.762334;1879870605.468750:5.573827;1889868164.062500:7.961510;1899865722.656250:9.850397;1909863281.250000:11.226136;1919860839.843750:12.134612;1929858398.437500:12.656573;1939855957.031250:12.883093;1949853515.625000:12.910700;1959851074.218750:12.845849;1969848632.812500:12.783487;1979846191.406250:12.768768;1989843750.000000:12.782381;1999841308.593750:12.766109;2009838867.187500:12.667468;2019836425.781250:12.474880;2029833984.375000:12.225578;2039831542.968750:11.982912;2049829101.562500:11.795809;2059826660.156250:11.672677;2069824218.750000:11.588026;2079821777.343750:11.512675;2089819335.937500:11.436028;2099816894.531250:11.368420;2109814453.125000:11.328905;2119812011.718750:11.330268;2129809570.312500:11.367805;2139807128.906250:11.417623;2149804687.500000:11.444707;2159802246.093750:11.421549;2169799804.687500:11.343711;2179797363.281250:11.231950;2189794921.875000:11.116952;2199792480.468750:11.018670;2209790039.062500:10.953756;2219787597.656250:10.936071;2229785156.250000:10.952439;2239782714.843750:10.956075;2249780273.437500:10.902831;2259777832.031250:10.784803;2269775390.625000:10.627967;2279772949.218750:10.475150;2289770507.812500:10.368975;2299768066.406250:10.328224;2309765625.000000:10.344118;2319763183.593750:10.383814;2329760742.187500:10.398530;2339758300.781250:10.341346;2349755859.375000:10.200965;2359753417.968750:10.020036;2369750976.562500:9.866783;2379748535.156250:9.779925;2389746093.750000:9.742110;2399743652.343750:9.699439;2409741210.937500:9.599330;2419738769.531250:9.413092;2429736328.125000:9.141900;2439733886.718750:8.808926;2449731445.312500:8.445558;2459729003.906250:8.075922;2469726562.500000:7.711963;2479724121.093750:7.363928;2489721679.687500:7.053540;2499719238.281250:6.813958;2509716796.875000:6.671100;2519714355.468750:6.612598;2529711914.062500:6.569280;2539709472.656250:6.426760;2549707031.250000:6.076867;2559704589.843750:5.492536;2569702148.437500:4.764293;2579699707.031250:4.054077;2589697265.625000:3.483176;2599694824.218750:3.037744;2609692382.812500:2.561598
-48.000000,1809887695.312500:-13.519908;1819885253.906250:-10.527686;1829882812.500000:-7.341245;1839880371.093750:-4.008272;1849877929.687500:-0.625836;1859875488.281250:2.687362;1869873046.875000:5.806783;1879870605.468750:8.608488;1889868164.062500:10.985548;1899865722.656250:12.871326;1909863281.250000:14.254308;1919860839.843750:15.175737;1929858398.437500:15.710621;1939855957.031250:15.947799;1949853515.625000:15.984713;1959851074.218750:15.928785;1969848632.812500:15.874549;1979846191.406250:15.866429;1989843750.000000:15.885640;1999841308.593750:15.875677;2009838867.187500:15.784892;2019836425.781250:15.602062;2029833984.375000:15.364222;2039831542.968750:15.132234;2049829101.562500:14.950626;2059826660.156250:14.823194;2069824218.750000:14.723156;2079821777.343750:14.625214;2089819335.937500:14.526697;2099816894.531250:14.446488;2109814453.125000:14.407070;2119812011.718750:14.417931;2129809570.312500:14.468734;2139807128.906250:14.532745;2149804687.500000:14.574878;2159802246.093750:14.565347;2169799804.687500:14.494710;2179797363.281250:14.378548;2189794921.875000:14.246688;2199792480.468750:14.126002;2209790039.062500:14.044224;2219787597.656250:14.023233;2229785156.250000:14.048009;2239782714.843750:14.059549;2249780273.437500:14.002133;2259777832.031250:13.868091;2269775390.625000:13.692121;2279772949.218750:13.521600;2289770507.812500:13.398771;2299768066.406250:13.344958;2309765625.000000:13.355313;2319763183.593750:13.396283;2329760742.187500:13.414919;2339758300.781250:13.363623;2349755859.375000:13.233205;2359753417.968750:13.064395;2369750976.562500:12.920137;2379748535.156250:12.836552;2389746093.750000:12.796670;2399743652.343750:12.745745;2409741210.937500:12.629713;2419738769.531250:12.422736;2429736328.125000:12.133147;2439733886.718750:11.790632;2449731445.312500:11.427179;2459729003.906250:11.061556;2469726562.500000:10.700437;2479724121.093750:10.352752;2489721679.687500:10.041935;2499719238.281250:9.802581;2509716796.875000:9.660180;2519714355.468750:9.600578;2529711914.062500:9.552584;2539709472.656250:9.400836;2549707031.250000:9.037529;2559704589.843750:8.436164;2569702148.437500:7.688967;2579699707.031250:6.960998;2589697265.625000:6.378708;2599694824.218750:5.932941;2609692382.812500:5.466018
-45.000000,1809887695.312500:-10.074022;1819885253.906250:-7.318808;1829882812.500000:-4.297336;1839880371.093750:-1.078842;1849877929.687500:2.213476;1859875488.281250:5.439240;1869873046.875000:8.472861;1879870605.468750:11.202340;1889868164.062500:13.536182;1899865722.656250:15.411055;1909863281.250000:16.806375;1919860839.843750:17.749938;1929858398.437500:18.305616;1939855957.031250:18.554758;1949853515.625000:18.591269;1959851074.218750:18.525232;1969848632.812500:18.459813;1979846191.406250:18.448539;1989843750.000000:18.474952;1999841308.593750:18.478067;2009838867.187500:18.402239;2019836425.781250:18.236482;2029833984.375000:18.021152;2039831542.968750:17.820451;2049829101.562500:17.677799;2059826660.156250:17.588861;2069824218.750000:17.513629;2079821777.343750:17.416864;2089819335.937500:17.296916;2099816894.531250:17.185310;2109814453.125000:17.122130;2119812011.718750:17.129250;2129809570.312500:17.198032;2139807128.906250:17.293720;2149804687.500000:17.368602;2159802246.093750:17.382648;2169799804.687500:17.321929;2179797363.281250:17.205405;2189794921.875000:17.067977;2199792480.468750:16.933212;2209790039.062500:16.819494;2219787597.656250:16.743999;2229785156.250000:16.700591;2239782714.843750:16.654268;2249780273.437500:16.576390;2259777832.031250:16.464888;2269775390.625000:16.331545;2279772949.218750:16.196996;2289770507.812500:16.092572;2299768066.406250:16.039046;2309765625.000000:16.035551;2319763183.593750:16.057231;2329760742.187500:16.057871;2339758300.781250:15.986117;2349755859.375000:15.824118;2359753417.968750:15.612673;2369750976.562500:15.429256;2379748535.156250:15.327464;2389746093.750000:15.293634;2399743652.343750:15.259703;2409741210.937500:15.157590;2419738769.531250:14.955454;2429736328.125000:14.654154;2439733886.718750:14.269999;2449731445.312500:13.828403;2459729003.906250:13.358759;2469726562.500000:12.889377;2479724121.093750:12.448633;2489721679.687500:12.069955;2499719238.281250:11.788240;2509716796.875000:11.626138;2519714355.468750:11.571036;2529711914.062500:11.554902;2539709472.656250:11.457709;2549707031.250000:11.154334;2559704589.843750:10.599929;2569702148.437500:9.882672;2579699707.031250:9.181172;2589697265.625000:8.636238;2599694824.218750:8.239880;2609692382.812500:7.827744
-42.000000,1809887695.312500:-6.905834;1819885253.906250:-4.302704;1829882812.500000:-1.308138;1839880371.093750:1.927937;1849877929.687500:5.245249;1859875488.281250:8.473723;1869873046.875000:11.503083;1879870605.468750:14.234818;1889868164.062500:16.580686;1899865722.656250:18.471806;1909863281.250000:19.879799;1919860839.843750:20.829226;1929858398.437500:21.386476;1939855957.031250:21.638750;1949853515.625000:21.685816;1959851074.218750:21.639388;1969848632.812500:21.598693;1979846191.406250:21.610793;1989843750.000000:21.654486;1999841308.593750:21.668609;2009838867.187500:21.600116;2019836425.781250:21.440025;2029833984.375000:21.227572;2039831542.968750:21.022780;2049829101.562500:20.865762;2059826660.156250:20.753911;2069824218.750000:20.655097;2079821777.343750:20.543921;2089819335.937500:20.424314;2099816894.531250:20.326488;2109814453.125000:20.284059;2119812011.718750:20.311773;2129809570.312500:20.395318;2139807128.906250:20.496601;2149804687.500000:20.570138;2159802246.093750:20.583656;2169799804.687500:20.530602;2179797363.281250:20.428756;2189794921.875000:20.305098;2199792480.468750:20.178910;2209790039.062500:20.071425;2219787597.656250:20.004721;2229785156.250000:19.974482;2239782714.843750:19.941696;2249780273.437500:19.867449;2259777832.031250:19.740414;2269775390.625000:19.575424;2279772949.218750:19.406501;2289770507.812500:19.275754;2299768066.406250:19.205685;2309765625.000000:19.190227;2319763183.593750:19.198452;2329760742.187500:19.182412;2339758300.781250:19.094653;2349755859.375000:18.924272;2359753417.968750:18.715601;2369750976.562500:18.539185;2379748535.156250:18.433643;2389746093.750000:18.377622;2399743652.343750:18.313880;2409741210.937500:18.192644;2419738769.531250:17.990767;2429736328.125000:17.705135;2439733886.718750:17.343336;2449731445.312500:16.923619;2459729003.906250:16.469994;2469726562.500000:16.007207;2479724121.093750:15.563288;2489721679.687500:15.175009;2499719238.281250:14.883306;2509716796.875000:14.715569;2519714355.468750:14.659428;2529711914.062500:14.643378;2539709472.656250:14.544080;2549707031.250000:14.235661;2559704589.843750:13.673690;2569702148.437500:12.947909;2579699707.031250:12.238308;2589697265.625000:11.684740;2599694824.218750:11.275218;2609692382.812500:10.840887
-39.000000,1809887695.312500:-3.393386;1819885253.906250:-1.054679;1829882812.500000:1.842313;1839880371.093750:5.070874;1849877929.687500:8.432019;1859875488.281250:11.710985;1869873046.875000:14.791213;1879870605.468750:17.560246;1889868164.062500:19.917805;1899865722.656250:21.795433;1909863281.250000:23.176626;1919860839.843750:24.099052;1929858398.437500:24.635937;1939855957.031250:24.875470;1949853515.625000:24.915313;1959851074.218750:24.864421;1969848632.812500:24.819480;1979846191.406250:24.825545;1989843750.000000:24.861445;1999841308.593750:24.867380;2009838867.187500:24.790722;2019836425.781250:24.621065;2029833984.375000:24.396375;2039831542.968750:24.178164;2049829101.562500:24.010313;2059826660.156250:23.895310;2069824218.750000:23.804268;2079821777.343750:23.709963;2089819335.937500:23.608873;2099816894.531250:23.520348;2109814453.125000:23.469897;2119812011.718750:23.471622;2129809570.312500:23.517971;2139807128.906250:23.580351;2149804687.500000:23.619881;2159802246.093750:23.606995;2169799804.687500:23.536038;2179797363.281250:23.425927;2189794921.875000:23.305699;2199792480.468750:23.195239;2209790039.062500:23.113307;2219787597.656250:23.076230;2229785156.250000:23.071958;2239782714.843750:23.052295;2249780273.437500:22.970744;2259777832.031250:22.817810;2269775390.625000:22.619316;2279772949.218750:22.419726;2289770507.812500:22.265623;2299768066.406250:22.181161;2309765625.000000:22.161598;2319763183.593750:22.174320;2329760742.187500:22.167888;2339758300.781250:22.092251;2349755859.375000:21.933711;2359753417.968750:21.732792;2369750976.562500:21.555695;2379748535.156250:21.440781;2389746093.750000:21.372814;2399743652.343750:21.302291;2409741210.937500:21.181198;2419738769.531250:20.982925;2429736328.125000:20.706003;2439733886.718750:20.366817;2449731445.312500:19.989434;2459729003.906250:19.594522;2469726562.500000:19.196057;2479724121.093750:18.810310;2489721679.687500:18.464989;2499719238.281250:18.196207;2509716796.875000:18.030170;2519714355.468750:17.956448;2529711914.062500:17.910196;2539709472.656250:17.779020;2549707031.250000:17.447334;2559704589.843750:16.874018;2569702148.437500:16.142420;2579699707.031250:15.422867;2589697265.625000:14.852482;2599694824.218750:14.425909;2609692382.812500:13.981577
-36.000000,1809887695.312500:-0.821939;1819885253.906250:1.804355;1829882812.500000:4.848298;1839880371.093750:8.139100;1849877929.687500:11.511598;1859875488.281250:14.786951;1869873046.875000:17.851938;1879870605.468750:20.600156;1889868164.062500:22.940083;1899865722.656250:24.811475;1909863281.250000:26.199417;1919860839.843750:27.136379;1929858398.437500:27.688776;1939855957.031250:27.941004;1949853515.625000:27.990798;1959851074.218750:27.948494;1969848632.812500:27.911659;1979846191.406250:27.925878;1989843750.000000:27.970888;1999841308.593750:27.987781;2009838867.187500:27.923922;2019836425.781250:27.768602;2029833984.375000:27.558910;2039831542.968750:27.353748;2049829101.562500:27.192866;2059826660.156250:27.073950;2069824218.750000:26.966283;2079821777.343750:26.846949;2089819335.937500:26.722250;2099816894.531250:26.621998;2109814453.125000:26.575580;2119812011.718750:26.592543;2129809570.312500:26.657042;2139807128.906250:26.735299;2149804687.500000:26.787672;2159802246.093750:26.784257;2169799804.687500:26.717524;2179797363.281250:26.603438;2189794921.875000:26.470198;2199792480.468750:26.342849;2209790039.062500:26.248920;2219787597.656250:26.211621;2229785156.250000:26.217273;2239782714.843750:26.206313;2249780273.437500:26.120772;2259777832.031250:25.950989;2269775390.625000:25.731574;2279772949.218750:25.512475;2289770507.812500:25.341216;2299768066.406250:25.244634;2309765625.000000:25.220733;2319763183.593750:25.235867;2329760742.187500:25.235513;2339758300.781250:25.169692;2349755859.375000:25.026197;2359753417.968750:24.842926;2369750976.562500:24.680223;2379748535.156250:24.572455;2389746093.750000:24.503965;2399743652.343750:24.425408;2409741210.937500:24.289182;2419738769.531250:24.072792;2429736328.125000:23.782106;2439733886.718750:23.439522;2449731445.312500:23.069100;2459729003.906250:22.685819;2469726562.500000:22.297295;2479724121.093750:21.915789;2489721679.687500:21.568396;2499719238.281250:21.293057;2509716796.875000:21.118431;2519714355.468750:21.034872;2529711914.062500:20.975895;2539709472.656250:20.827575;2549707031.250000:20.475056;2559704589.843750:19.879234;2569702148.437500:19.126155;2579699707.031250:18.388837;2589697265.625000:17.808177;2599694824.218750:17.381916;2609692382.812500:16.945394
-33.000000,1809887695.312500:3.605817;1819885253.906250:6.086690;1829882812.500000:8.744623;1839880371.093750:11.547403;1849877929.687500:14.512247;1859875488.281250:17.574487;1869873046.875000:20.533939;1879870605.468750:23.238246;1889868164.062500:25.553265;1899865722.656250:27.414059;1909863281.250000:28.797001;1919860839.843750:29.728019;1929858398.437500:30.271181;1939855957.031250:30.509832;1949853515.625000:30.540081;1959851074.218750:30.472584;1969848632.812500:30.409252;1979846191.406250:30.401357;1989843750.000000:30.430831;1999841308.593750:30.436044;2009838867.187500:30.360688;2019836425.781250:30.192770;2029833984.375000:29.971270;2039831542.968750:29.759283;2049829101.562500:29.600677;2059826660.156250:29.494063;2069824218.750000:29.404061;2079821777.343750:29.298053;2089819335.937500:29.172953;2099816894.531250:29.122329;2109814453.125000:29.247610;2119812011.718750:29.685545;2129809570.312500:30.310375;2139807128.906250:30.667620;2149804687.500000:30.444625;2159802246.093750:29.869935;2169799804.687500:29.352049;2179797363.281250:29.028404;2189794921.875000:28.817872;2199792480.468750:28.680139;2209790039.062500:28.565203;2219787597.656250:28.483455;2229785156.250000:28.424993;2239782714.843750:28.359087;2249780273.437500:28.261585;2259777832.031250:28.131263;2269775390.625000:27.979930;2279772949.218750:27.831062;2289770507.812500:27.714175;2299768066.406250:27.643898;2309765625.000000:27.615406;2319763183.593750:27.608240;2329760742.187500:27.584227;2339758300.781250:27.496874;2349755859.375000:27.328367;2359753417.968750:27.121104;2369750976.562500:26.948318;2379748535.156250:26.851818;2389746093.750000:26.809187;2399743652.343750:26.759622;2409741210.937500:26.648188;2419738769.531250:26.448687;2429736328.125000:26.161150;2439733886.718750:25.805437;2449731445.312500:25.405429;2459729003.906250:24.979507;2469726562.500000:24.543740;2479724121.093750:24.128752;2489721679.687500:23.773709;2499719238.281250:23.516104;2509716796.875000:23.371906;2519714355.468750:23.321939;2529711914.062500:23.295501;2539709472.656250:23.182362;2549707031.250000:22.871694;2559704589.843750:22.329427;2569702148.437500:21.636553;2579699707.031250:20.951062;2589697265.625000:20.404936;2599694824.218750:20.007515;2609692382.812500:19.595230
-30.000000,1809887695.312500:6.132568;1819885253.906250:8.267897;1829882812.500000:11.032937;1839880371.093750:14.161655;1849877929.687500:17.429973;1859875488.281250:20.610071;1869873046.875000:23.593958;1879870605.468750:26.285663;1889868164.062500:28.598546;1899865722.656250:30.464860;1909863281.250000:31.855518;1919860839.843750:32.792622;1929858398.437500:33.340084;1939855957.031250:33.583852;1949853515.625000:33.623844;1959851074.218750:33.572563;1969848632.812500:33.529939;1979846191.406250:33.542739;1989843750.000000:33.588879;1999841308.593750:33.605640;2009838867.187500:33.538005;2019836425.781250:33.375585;2029833984.375000:33.157395;2039831542.968750:32.943849;2049829101.562500:32.775942;2059826660.156250:32.652633;2069824218.750000:32.543705;2079821777.343750:32.424597;2089819335.937500:32.298217;2099816894.531250:32.191868;2109814453.125000:32.135958;2119812011.718750:32.143861;2129809570.312500:32.203439;2139807128.906250:32.281257;2149804687.500000:32.335128;2159802246.093750:32.332151;2169799804.687500:32.263254;2179797363.281250:32.145441;2189794921.875000:32.007206;2199792480.468750:31.868873;2209790039.062500:31.750428;2219787597.656250:31.671935;2229785156.250000:31.628070;2239782714.843750:31.579585;2249780273.437500:31.487894;2259777832.031250:31.343593;2269775390.625000:31.163016;2279772949.218750:30.978818;2289770507.812500:30.831520;2299768066.406250:30.745241;2309765625.000000:30.716572;2319763183.593750:30.715304;2329760742.187500:30.693402;2339758300.781250:30.603683;2349755859.375000:30.433584;2359753417.968750:30.224749;2369750976.562500:30.046724;2379748535.156250:29.939710;2389746093.750000:29.884217;2399743652.343750:29.823030;2409741210.937500:29.704286;2419738769.531250:29.503407;2429736328.125000:29.220514;2439733886.718750:28.870493;2449731445.312500:28.476694;2459729003.906250:28.062005;2469726562.500000:27.644512;2479724121.093750:27.243513;2489721679.687500:26.887526;2499719238.281250:26.611065;2509716796.875000:26.438775;2519714355.468750:26.361683;2529711914.062500:26.318358;2539709472.656250:26.197498;2549707031.250000:25.880446;2559704589.843750:25.319428;2569702148.437500:24.592557;2579699707.031250:23.869564;2589697265.625000:23.293251;2599694824.218750:22.867379;2609692382.812500:22.435436
-27.000000,1809887695.312500:8.095114;1819885253.906250:10.967126;1829882812.500000:14.081951;1839880371.093750:17.352443;1849877929.687500:20.660536;1859875488.281250:23.880901;1869873046.875000:26.901792;1879870605.468750:29.619093;1889868164.062500:31.940705;1899865722.656250:33.800126;1909863281.250000:35.175025;1919860839.843750:36.095318;1929858398.437500:36.629588;1939855957.031250:36.865030;1949853515.625000:36.900244;1959851074.218750:36.845568;1969848632.812500:36.798752;1979846191.406250:36.805155;1989843750.000000:36.843245;1999841308.593750:36.851531;2009838867.187500:36.775347;2019836425.781250:36.603713;2029833984.375000:36.375575;2039831542.968750:36.153135;2049829101.562500:35.980180;2059826660.156250:35.858564;2069824218.750000:35.758731;2079821777.343750:35.652669;2089819335.937500:35.536835;2099816894.531250:35.431786;2109814453.125000:35.364999;2119812011.718750:35.351917;2129809570.312500:35.385883;2139807128.906250:35.438932;2149804687.500000:35.471766;2159802246.093750:35.452679;2169799804.687500:35.373341;2179797363.281250:35.250726;2189794921.875000:35.113606;2199792480.468750:34.983781;2209790039.062500:34.882906;2219787597.656250:34.829213;2229785156.250000:34.810782;2239782714.843750:34.779012;2249780273.437500:34.688505;2259777832.031250:34.531759;2269775390.625000:34.333719;2279772949.218750:34.133759;2289770507.812500:33.974256;2299768066.406250:33.879324;2309765625.000000:33.845562;2319763183.593750:33.840961;2329760742.187500:33.815472;2339758300.781250:33.723569;2349755859.375000:33.556504;2359753417.968750:33.357015;2369750976.562500:33.190613;2379748535.156250:33.092626;2389746093.750000:33.042710;2399743652.343750:32.985309;2409741210.937500:32.869580;2419738769.531250:32.672061;2429736328.125000:32.397807;2439733886.718750:32.068682;2449731445.312500:31.709971;2459729003.906250:31.339496;2469726562.500000:30.966571;2479724121.093750:30.602607;2489721679.687500:30.271504;2499719238.281250:30.006584;2509716796.875000:29.834035;2519714355.468750:29.747166;2529711914.062500:29.687889;2539709472.656250:29.550510;2549707031.250000:29.221303;2559704589.843750:28.652616;2569702148.437500:27.917413;2579699707.031250:27.181539;2589697265.625000:26.592365;2599694824.218750:26.163921;2609692382.812500:25.745850
-24.000000,1809887695.312500:12.858899;1819885253.906250:14.698887;1829882812.500000:17.362777;1839880371.093750:20.480112;1849877929.687500:23.777339;1859875488.281250:26.971940;1869873046.875000:29.960660;1879870605.468750:32.649510;1889868164.062500:34.953215;1899865722.656250:36.807026;1909863281.250000:38.185729;1919860839.843750:39.114197;1929858398.437500:39.657142;1939855957.031250:39.900493;1949853515.625000:39.944034;1959851074.218750:39.899023;1969848632.812500:39.862651;1979846191.406250:39.879491;1989843750.000000:39.927884;1999841308.593750:39.947264;2009838867.187500:39.883468;2019836425.781250:39.724481;2029833984.375000:39.506981;2039831542.968750:39.290418;2049829101.562500:39.116690;2059826660.156250:38.986889;2069824218.750000:38.873094;2079821777.343750:38.752365;2089819335.937500:38.627690;2099816894.531250:38.524228;2109814453.125000:38.468408;2119812011.718750:38.469981;2129809570.312500:38.515837;2139807128.906250:38.575039;2149804687.500000:38.609618;2159802246.093750:38.590030;2169799804.687500:38.508576;2179797363.281250:38.381493;2189794921.875000:38.238116;2199792480.468750:38.103749;2209790039.062500:38.004296;2219787597.656250:37.959732;2229785156.250000:37.954091;2239782714.843750:37.929741;2249780273.437500:37.834295;2259777832.031250:37.661820;2269775390.625000:37.445751;2279772949.218750:37.232304;2289770507.812500:37.065940;2299768066.406250:36.970484;2309765625.000000:36.940243;2319763183.593750:36.939109;2329760742.187500:36.915019;2339758300.781250:36.825693;2349755859.375000:36.667285;2359753417.968750:36.482090;2369750976.562500:36.329426;2379748535.156250:36.238102;2389746093.750000:36.185755;2399743652.343750:36.119387;2409741210.937500:35.992320;2419738769.531250:35.785792;2429736328.125000:35.508907;2439733886.718750:35.184763;2449731445.312500:34.835963;2459729003.906250:34.474996;2469726562.500000:34.106083;2479724121.093750:33.737232;2489721679.687500:33.391968;2499719238.281250:33.107027;2509716796.875000:32.913676;2519714355.468750:32.808845;2529711914.062500:32.733840;2539709472.656250:32.579460;2549707031.250000:32.229790;2559704589.843750:31.638818;2569702148.437500:30.884554;2579699707.031250:30.138692;2589697265.625000:29.553651;2599694824.218750:29.145683;2609692382.812500:28.759645
-21.000000,1809887695.312500:17.639743;1819885253.906250:18.766292;1829882812.500000:20.879508;1839880371.093750:23.623726;1849877929.687500:26.688941;1859875488.281250:29.745621;1869873046.875000:32.651265;1879870605.468750:35.287237;1889868164.062500:37.556288;1899865722.656250:39.387395;1909863281.250000:40.751760;1919860839.843750:41.671275;1929858398.437500:42.207851;1939855957.031250:42.444980;1949853515.625000:42.481536;1959851074.218750:42.429957;1969848632.812500:42.389089;1979846191.406250:42.404287;1989843750.000000:42.453125;1999841308.593750:42.473765;2009838867.187500:42.411293;2019836425.781250:42.253324;2029833984.375000:42.036257;2039831542.968750:41.819550;2049829101.562500:41.645636;2059826660.156250:41.516881;2069824218.750000:41.406591;2079821777.343750:41.291497;2089819335.937500:41.171433;2099816894.531250:41.067706;2109814453.125000:41.005462;2119812011.718750:40.996326;2129809570.312500:41.031506;2139807128.906250:41.084245;2149804687.500000:41.118964;2159802246.093750:41.105010;2169799804.687500:41.030178;2179797363.281250:40.905606;2189794921.875000:40.756600;2199792480.468750:40.606760;2209790039.062500:40.482818;2219787597.656250:40.408858;2229785156.250000:40.377367;2239782714.843750:40.341189;2249780273.437500:40.254011;2259777832.031250:40.104486;2269775390.625000:39.912832;2279772949.218750:39.715812;2289770507.812500:39.555674;2299768066.406250:39.457242;2309765625.000000:39.415565;2319763183.593750:39.397085;2329760742.187500:39.354717;2339758300.781250:39.250121;2349755859.375000:39.079073;2359753417.968750:38.881436;2369750976.562500:38.717572;2379748535.156250:38.620324;2389746093.750000:38.568455;2399743652.343750:38.506489;2409741210.937500:38.385076;2419738769.531250:38.183459;2429736328.125000:37.908859;2439733886.718750:37.583259;2449731445.312500:37.229769;2459729003.906250:36.862460;2469726562.500000:36.487798;2479724121.093750:36.116115;2489721679.687500:35.771277;2499719238.281250:35.487837;2509716796.875000:35.294315;2519714355.468750:35.186490;2529711914.062500:35.106959;2539709472.656250:34.948357;2549707031.250000:34.596403;2559704589.843750:34.006193;2569702148.437500:33.256246;2579699707.031250:32.518377;2589697265.625000:31.944139;2599694824.218750:31.548307;2609692382.812500:31.175138
-18.000000,1809887695.312500:20.357637;1819885253.906250:21.598593;1829882812.500000:23.826537;1839880371.093750:26.649221;1849877929.687500:29.748446;1859875488.281250:32.801233;1869873046.875000:35.685942;1879870605.468750:38.302420;1889868164.062500:40.563794;1899865722.656250:42.400589;1909863281.250000:43.779344;1919860839.843750:44.715776;1929858398.437500:45.267703;1939855957.031250:45.518090;1949853515.625000:45.567293;1959851074.218750:45.529461;1969848632.812500:45.504029;1979846191.406250:45.534881;1989843750.000000:45.598027;1999841308.593750:45.631174;2009838867.187500:45.580242;2019836425.781250:45.433502;2029833984.375000:45.226063;2039831542.968750:45.014411;2049829101.562500:44.837770;2059826660.156250:44.697703;2069824218.750000:44.570783;2079821777.343750:44.440210;2089819335.937500:44.312827;2099816894.531250:44.213008;2109814453.125000:44.163396;2119812011.718750:44.169519;2129809570.312500:44.215804;2139807128.906250:44.271946;2149804687.500000:44.302274;2159802246.093750:44.279074;2169799804.687500:44.193846;2179797363.281250:44.059248;2189794921.875000:43.900277;2199792480.468750:43.741042;2209790039.062500:43.611298;2219787597.656250:43.538252;2229785156.250000:43.513040;2239782714.843750:43.481901;2249780273.437500:43.390778;2259777832.031250:43.227760;2269775390.625000:43.020122;2279772949.218750:42.811542;2289770507.812500:42.646619;2299768066.406250:42.549290;2309765625.000000:42.512955;2319763183.593750:42.501266;2329760742.187500:42.464722;2339758300.781250:42.366077;2349755859.375000:42.204327;2359753417.968750:42.019991;2369750976.562500:41.868379;2379748535.156250:41.776075;2389746093.750000:41.720850;2399743652.343750:41.651024;2409741210.937500:41.521723;2419738769.531250:41.314894;2429736328.125000:41.038989;2439733886.718750:40.715979;2449731445.312500:40.366129;2459729003.906250:39.998961;2469726562.500000:39.616679;2479724121.093750:39.228027;2489721679.687500:38.858739;2499719238.281250:38.547502;2509716796.875000:38.327828;2519714355.468750:38.198882;2529711914.062500:38.103211;2539709472.656250:37.930687;2549707031.250000:37.563458;2559704589.843750:36.955850;2569702148.437500:36.189979;2579699707.031250:35.443996;2589697265.625000:34.874792;2599694824.218750:34.496377;2609692382.812500:34.145830
-15.000000,1809887695.312500:22.181003;1819885253.906250:24.139563;1829882812.500000:26.739498;1839880371.093750:29.736547;1849877929.687500:32.903270;1859875488.281250:36.011240;1869873046.875000:38.938004;1879870605.468750:41.579710;1889868164.062500:43.847296;1899865722.656250:45.674675;1909863281.250000:47.035566;1919860839.843750:47.953119;1929858398.437500:48.489852;1939855957.031250:48.729827;1949853515.625000:48.771999;1959851074.218750:48.727586;1969848632.812500:48.693421;1979846191.406250:48.713267;1989843750.000000:48.764866;1999841308.593750:48.787332;2009838867.187500:48.725912;2019836425.781250:48.567157;2029833984.375000:48.346607;2039831542.968750:48.123845;2049829101.562500:47.943276;2059826660.156250:47.810281;2069824218.750000:47.700306;2079821777.343750:47.589280;2089819335.937500:47.474081;2099816894.531250:47.372393;2109814453.125000:47.306433;2119812011.718750:47.286945;2129809570.312500:47.306648;2139807128.906250:47.341744;2149804687.500000:47.358886;2159802246.093750:47.328058;2169799804.687500:47.237710;2179797363.281250:47.100320;2189794921.875000:46.943355;2199792480.468750:46.792820;2209790039.062500:46.676551;2219787597.656250:46.617060;2229785156.250000:46.601844;2239782714.843750:46.576912;2249780273.437500:46.491410;2259777832.031250:46.336715;2269775390.625000:46.140248;2279772949.218750:45.942257;2289770507.812500:45.783263;2299768066.406250:45.685587;2309765625.000000:45.642675;2319763183.593750:45.619673;2329760742.187500:45.570561;2339758300.781250:45.462940;2349755859.375000:45.300671;2359753417.968750:45.125925;2369750976.562500:44.991217;2379748535.156250:44.918416;2389746093.750000:44.881433;2399743652.343750:44.826259;2409741210.937500:44.706876;2419738769.531250:44.507924;2429736328.125000:44.244268;2439733886.718750:43.943042;2449731445.312500:43.624607;2459729003.906250:43.293572;2469726562.500000:42.945519;2479724121.093750:42.582668;2489721679.687500:42.225747;2499719238.281250:41.912328;2509716796.875000:41.679165;2519714355.468750:41.532055;2529711914.062500:41.420813;2539709472.656250:41.239923;2549707031.250000:40.870784;2559704589.843750:40.261612;2569702148.437500:39.488033;2579699707.031250:38.727681;2589697265.625000:38.145314;2599694824.218750:37.766680;2609692382.812500:37.433473
-12.000000,1809887695.312500:24.059529;1819885253.906250:26.732546;1829882812.500000:29.686499;1839880371.093750:32.820486;1849877929.687500:35.996303;1859875488.281250:39.084407;1869873046.875000:41.979646;1879870605.468750:44.594740;1889868164.062500:46.851589;1899865722.656250:48.685734;1909863281.250000:50.064773;1919860839.843750:51.003173;1929858398.437500:51.557369;1939855957.031250:51.810133;1949853515.625000:51.862268;1959851074.218750:51.828031;1969848632.812500:51.806251;1979846191.406250:51.840376;1989843750.000000:51.906629;1999841308.593750:51.942871;2009838867.187500:51.894477;2019836425.781250:51.748104;2029833984.375000:51.537713;2039831542.968750:51.320361;2049829101.562500:51.137870;2059826660.156250:50.994943;2069824218.750000:50.869846;2079821777.343750:50.744483;2089819335.937500:50.622007;2099816894.531250:50.522275;2109814453.125000:50.465052;2119812011.718750:50.456082;2129809570.312500:50.483211;2139807128.906250:50.520182;2149804687.500000:50.533637;2159802246.093750:50.495756;2169799804.687500:50.397338;2179797363.281250:50.251311;2189794921.875000:50.084581;2199792480.468750:49.923303;2209790039.062500:49.797071;2219787597.656250:49.730125;2229785156.250000:49.710418;2239782714.843750:49.683347;2249780273.437500:49.596460;2259777832.031250:49.439705;2269775390.625000:49.239990;2279772949.218750:49.038301;2289770507.812500:48.876790;2299768066.406250:48.779129;2309765625.000000:48.739389;2319763183.593750:48.721793;2329760742.187500:48.678960;2339758300.781250:48.578916;2349755859.375000:48.426793;2359753417.968750:48.264488;2369750976.562500:48.141341;2379748535.156250:48.075736;2389746093.750000:48.040812;2399743652.343750:47.984579;2409741210.937500:47.864004;2419738769.531250:47.665194;2429736328.125000:47.403277;2439733886.718750:47.104675;2449731445.312500:46.787345;2459729003.906250:46.452562;2469726562.500000:46.092660;2479724121.093750:45.708694;2489721679.687500:45.323607;2499719238.281250:44.979509;2509716796.875000:44.718242;2519714355.468750:44.549142;2529711914.062500:44.423188;2539709472.656250:44.232367;2549707031.250000:43.852445;2559704589.843750:43.227320;2569702148.437500:42.434501;2579699707.031250:41.659795;2589697265.625000:41.075807;2599694824.218750:40.708355;2609692382.812500:40.390633
-9.000000,1809887695.312500:32.121340;1819885253.906250:33.498308;1829882812.500000:35.289857;1839880371.093750:37.519467;1849877929.687500:40.081049;1859875488.281250:42.800752;1869873046.875000:45.497311;1879870605.468750:48.011483;1889868164.062500:50.214436;1899865722.656250:52.013593;1909863281.250000:53.365747;1919860839.843750:54.284068;1929858398.437500:54.826023;1939855957.031250:55.072684;1949853515.625000:55.120758;1959851074.218750:55.079421;1969848632.812500:55.044659;1979846191.406250:55.061487;1989843750.000000:55.109978;1999841308.593750:55.131883;2009838867.187500:55.073121;2019836425.781250:54.918477;2029833984.375000:54.700321;2039831542.968750:54.476513;2049829101.562500:54.292425;2059826660.156250:54.156550;2069824218.750000:54.047910;2079821777.343750:53.943219;2089819335.937500:53.835390;2099816894.531250:53.736029;2109814453.125000:53.663093;2119812011.718750:53.627137;2129809570.312500:53.624423;2139807128.906250:53.636228;2149804687.500000:53.633190;2159802246.093750:53.586659;2169799804.687500:53.484426;2179797363.281250:53.337570;2189794921.875000:53.173555;2199792480.468750:53.019638;2209790039.062500:52.903258;2219787597.656250:52.844270;2229785156.250000:52.829568;2239782714.843750:52.808042;2249780273.437500:52.731551;2259777832.031250:52.590696;2269775390.625000:52.409934;2279772949.218750:52.225856;2289770507.812500:52.076240;2299768066.406250:51.982266;2309765625.000000:51.938068;2319763183.593750:51.910840;2329760742.187500:51.857984;2339758300.781250:51.751923;2349755859.375000:51.601097;2359753417.968750:51.448226;2369750976.562500:51.341017;2379748535.156250:51.294331;2389746093.750000:51.277063;2399743652.343750:51.234043;2409741210.937500:51.122140;2419738769.531250:50.931523;2429736328.125000:50.682339;2439733886.718750:50.402916;2449731445.312500:50.108750;2459729003.906250:49.795359;2469726562.500000:49.450122;2479724121.093750:49.072139;2489721679.687500:48.683394;2499719238.281250:48.325733;2509716796.875000:48.043693;2519714355.468750:47.853470;2529711914.062500:47.713652;2539709472.656250:47.519649;2549707031.250000:47.145041;2559704589.843750:46.527826;2569702148.437500:45.740513;2579699707.031250:44.968570;2589697265.625000:44.389627;2599694824.218750:44.036560;2609692382.812500:43.747305
-6.000000,1809887695.312500:37.174441;1819885253.906250:37.006236;1829882812.500000:38.221072;1839880371.093750:40.350441;1849877929.687500:43.009831;1859875488.281250:45.770756;1869873046.875000:48.474422;1879870605.468750:50.987115;1889868164.062500:53.195669;1899865722.656250:55.010780;1909863281.250000:56.384783;1919860839.843750:57.324968;1929858398.437500:57.885328;1939855957.031250:58.147169;1949853515.625000:58.209032;1959851074.218750:58.182195;1969848632.812500:58.164067;1979846191.406250:58.199105;1989843750.000000:58.265873;1999841308.593750:58.304085;2009838867.187500:58.259437;2019836425.781250:58.117624;2029833984.375000:57.909965;2039831542.968750:57.690813;2049829101.562500:57.502684;2059826660.156250:57.354556;2069824218.750000:57.229551;2079821777.343750:57.110586;2089819335.937500:56.996502;2099816894.531250:56.899296;2109814453.125000:56.832648;2119812011.718750:56.801972;2129809570.312500:56.799839;2139807128.906250:56.805476;2149804687.500000:56.790047;2159802246.093750:56.728415;2169799804.687500:56.612721;2179797363.281250:56.455514;2189794921.875000:56.282599;2199792480.468750:56.119036;2209790039.062500:55.993146;2219787597.656250:55.927238;2229785156.250000:55.908763;2239782714.843750:55.885257;2249780273.437500:55.807268;2259777832.031250:55.665981;2269775390.625000:55.487208;2279772949.218750:55.307740;2289770507.812500:55.164432;2299768066.406250:55.078094;2309765625.000000:55.043120;2319763183.593750:55.025723;2329760742.187500:54.982044;2339758300.781250:54.886032;2349755859.375000:54.749337;2359753417.968750:54.615639;2369750976.562500:54.528999;2379748535.156250:54.498623;2389746093.750000:54.490893;2399743652.343750:54.451610;2409741210.937500:54.340303;2419738769.531250:54.150057;2429736328.125000:53.903064;2439733886.718750:53.628019;2449731445.312500:53.338593;2459729003.906250:53.026367;2469726562.500000:52.673463;2479724121.093750:52.275227;2489721679.687500:51.854632;2499719238.281250:51.458370;2509716796.875000:51.137870;2519714355.468750:50.915642;2529711914.062500:50.753530;2539709472.656250:50.545268;2549707031.250000:50.155869;2559704589.843750:49.513827;2569702148.437500:48.692433;2579699707.031250:47.890153;2589697265.625000:47.297714;2599694824.218750:46.949237;2609692382.812500:46.670868
-3.000000,1809887695.312500:38.138049;1819885253.906250:39.065560;1829882812.500000:40.878235;1839880371.093750:43.318736;1849877929.687500:46.119460;1859875488.281250:48.980013;1869873046.875000:51.743575;1879870605.468750:54.284265;1889868164.062500:56.498978;1899865722.656250:58.307494;1909863281.250000:59.669288;1919860839.843750:60.595320;1929858398.437500:61.141575;1939855957.031250:61.390693;1949853515.625000:61.441969;1959851074.218750:61.404957;1969848632.812500:61.373605;1979846191.406250:61.391767;1989843750.000000:61.441229;1999841308.593750:61.464884;2009838867.187500:61.408656;2019836425.781250:61.256198;2029833984.375000:61.038876;2039831542.968750:60.814861;2049829101.562500:60.631888;2059826660.156250:60.501870;2069824218.750000:60.405864;2079821777.343750:60.318389;2089819335.937500:60.224455;2099816894.531250:60.125298;2109814453.125000:60.033841;2119812011.718750:59.964440;2129809570.312500:59.922628;2139807128.906250:59.897245;2149804687.500000:59.860474;2159802246.093750:59.782651;2169799804.687500:59.653487;2179797363.281250:59.488993;2189794921.875000:59.320289;2199792480.468750:59.173636;2209790039.062500:59.070209;2219787597.656250:59.022814;2229785156.250000:59.016196;2239782714.843750:59.004429;2249780273.437500:58.946239;2259777832.031250:58.833795;2269775390.625000:58.685982;2279772949.218750:58.531298;2289770507.812500:58.401024;2299768066.406250:58.314226;2309765625.000000:58.267405;2319763183.593750:58.234038;2329760742.187500:58.179032;2339758300.781250:58.082248;2349755859.375000:57.957948;2359753417.968750:57.850400;2369750976.562500:57.802336;2379748535.156250:57.818404;2389746093.750000:57.856774;2399743652.343750:57.856666;2409741210.937500:57.776718;2419738769.531250:57.615946;2429736328.125000:57.405777;2439733886.718750:57.180022;2449731445.312500:56.948877;2459729003.906250:56.694300;2469726562.500000:56.387936;2479724121.093750:56.016494;2489721679.687500:55.597224;2499719238.281250:55.177933;2509716796.875000:54.818527;2519714355.468750:54.555016;2529711914.062500:54.363002;2539709472.656250:54.141946;2549707031.250000:53.749573;2559704589.843750:53.098120;2569702148.437500:52.248760;2579699707.031250:51.404348;2589697265.625000:50.774188;2599694824.218750:50.409909;2609692382.812500:50.135555
-0.000000,1809887695.312500:42.065625;1819885253.906250:42.177490;1829882812.500000:43.725376;1839880371.093750:46.149736;1849877929.687500:49.019721;1859875488.281250:51.894425;1869873046.875000:54.643791;1879870605.468750:57.168752;1889868164.062500:59.381209;1899865722.656250:61.200646;1909863281.250000:62.578391;1919860839.843750:63.520064;1929858398.437500:64.080634;1939855957.031250:64.344286;1949853515.625000:64.411643;1959851074.218750:64.393283;1969848632.812500:64.383798;1979846191.406250:64.425432;1989843750.000000:64.496810;1999841308.593750:64.539343;2009838867.187500:64.500747;2019836425.781250:64.366844;2029833984.375000:64.167432;2039831542.968750:63.956256;2049829101.562500:63.777371;2059826660.156250:63.643297;2069824218.750000:63.539567;2079821777.343750:63.445545;2089819335.937500:63.350063;2099816894.531250:63.254113;2109814453.125000:63.164816;2119812011.718750:63.089431;2129809570.312500:63.029736;2139807128.906250:62.976237;2149804687.500000:62.905767;2159802246.093750:62.793540;2169799804.687500:62.632580;2179797363.281250:62.439947;2189794921.875000:62.246564;2199792480.468750:62.078159;2209790039.062500:61.956664;2219787597.656250:61.896790;2229785156.250000:61.883828;2239782714.843750:61.871253;2249780273.437500:61.816667;2259777832.031250:61.711339;2269775390.625000:61.573224;2279772949.218750:61.429379;2289770507.812500:61.310522;2299768066.406250:61.235695;2309765625.000000:61.201930;2319763183.593750:61.182775;2329760742.187500:61.143948;2339758300.781250:61.067175;2349755859.375000:60.968312;2359753417.968750:60.892099;2369750976.562500:60.879497;2379748535.156250:60.931177;2389746093.750000:61.001759;2399743652.343750:61.026767;2409741210.937500:60.963898;2419738769.531250:60.815982;2429736328.125000:60.620741;2439733886.718750:60.414286;2449731445.312500:60.202426;2459729003.906250:59.959290;2469726562.500000:59.648475;2479724121.093750:59.251388;2489721679.687500:58.786186;2499719238.281250:58.306955;2509716796.875000:57.883786;2519714355.468750:57.564200;2529711914.062500:57.331379;2539709472.656250:57.083248;2549707031.250000:56.666149;2559704589.843750:55.979362
